DBLa_type,domain,e-value,ups
M00123:210:000000000-BTDTV:1:2114:20765:7132,DBLa0.20,7.20E-60,BC
Gc11.c9f32s45,DBLa0.3,9.00E-52,BC
M00123:211:000000000-BYH2N:1:1119:13332:13736,DBLa0.18,2.40E-48,BC
Gc7.c47f40s55,DBLa0.18,2.20E-42,BC
M00123:210:000000000-BTDTV:1:1105:15345:9735,DBLa0.9,4.10E-50,BC
M00123:211:000000000-BYH2N:1:2111:11392:19780,DBLa0.9,2.60E-52,BC
G3st46.c44f4s5,DBLa1.2,1.70E-48,A
M00123:211:000000000-BYH2N:1:2106:15296:12567,DBLa0.9,1.90E-50,BC
Gc2.c30f24s40,DBLa0.8,6.30E-51,BC
Gc2.c35f13s16,DBLa0.11,2.90E-52,BC
Col5.c33f8s13,DBLa0.11,3.20E-54,BC
V12.c10f59s81,DBLa0.8,8.40E-51,BC
M00123:211:000000000-BYH2N:1:1114:26240:15394,DBLa0.8,2.40E-48,BC
M00123:210:000000000-BTDTV:1:1111:21029:14758,DBLa0.1,4.00E-55,BC
M00123:211:000000000-BYH2N:1:1112:13610:21315,DBLa0.8,2.30E-38,BC
Col10.c35f13s17,DBLa0.11,2.10E-55,BC
G3st28.c6f14s19,DBLa1.2,9.50E-49,A
V14.c4f20s23,DBLa0.18,3.30E-52,BC
G3st19.c21f24s30,DBLa0.9,5.60E-53,BC
P19.c30f16s21,DBLa0.14,4.00E-58,BC
M00123:210:000000000-BTDTV:1:1110:13745:13309,DBLa0.11,5.20E-56,BC
P6.c25f4s4,DBLa0.11,1.50E-57,BC
M00123:211:000000000-BYH2N:1:2108:9581:12165,DBLa0.15,3.80E-47,BC
M00123:211:000000000-BYH2N:1:1108:10215:8185,DBLa1.2,1.60E-52,A
M00123:210:000000000-BTDTV:1:2108:19157:7433,DBLa0.12,2.10E-48,BC
Gc47.c31f58s87,DBLa0.13,4.00E-52,BC
Col25.c7f45s54,DBLa0.23,2.00E-46,BC
V2.c8f12s14,DBLa1.4,1.10E-47,A
G3st37.c28f9s12,DBLa0.1,2.90E-55,BC
Gc6.c7f28s43,DBLa0.23,1.90E-48,BC
G3st3.c15f41s47,DBLa0.10,1.50E-47,BC
Gc28.c69f8s11,DBLa0.1,1.70E-44,BC
V12.c9f69s84,DBLa1.2,1.50E-53,A
M00123:210:000000000-BTDTV:1:1112:20048:6882,DBLa0.12,1.80E-48,BC
P45.c16f10s10,DBLa0.11,6.40E-56,BC
V6.c25f17s23,DBLa0.9,1.10E-50,BC
M00123:210:000000000-BTDTV:1:1119:19927:14911,DBLa0.12,1.10E-51,BC
M00123:210:000000000-BTDTV:1:1117:10680:6210,DBLa0.11,3.20E-60,BC
Gc13.c4f145s194,DBLa0.9,2.60E-51,BC
P55.c40f24s26,DBLa0.8,6.30E-49,BC
M00123:210:000000000-BTDTV:1:1104:13431:5231,DBLa0.1,2.90E-53,BC
G3st3.c42f14s15,DBLa0.1,1.00E-58,BC
Gc8.c6f61s78,DBLa0.9,1.30E-51,BC
M00123:210:000000000-BTDTV:1:1119:10330:9772,DBLa0.6,5.90E-50,BC
M00123:211:000000000-BYH2N:1:1119:24281:12757,DBLa0.1,2.30E-46,BC
G3st20.c20f44s61,DBLa0.23,1.70E-44,BC
P64.c4f24s28,DBLa0.10,1.00E-49,BC
P38.c27f4s5,DBLa0.8,5.90E-51,BC
M00123:211:000000000-BYH2N:1:1108:14857:8857,DBLa0.5,8.20E-57,BC
M00123:211:000000000-BYH2N:1:2119:7806:17284,DBLa0.5,1.60E-54,BC
M00123:210:000000000-BTDTV:1:2115:15195:5663,DBLa0.1,4.70E-53,BC
G3st12.c52f3s5,DBLa0.8,1.40E-45,BC
V9.c27f3s4,DBLa1.2,2.50E-53,A
Col15.c0f46s63,DBLa0.1,7.60E-54,BC
M00123:211:000000000-BYH2N:1:1119:17474:20114,DBLa0.17,8.90E-59,BC
Gc25.c30f8s11,DBLa0.12,1.20E-53,BC
P19.c9f40s51,DBLa1.8,4.40E-53,A
G3st16.c31f3s5,DBLa0.1,1.70E-54,BC
Gc47.c20f74s112,DBLa0.16,8.90E-51,BC
M00123:210:000000000-BTDTV:1:2108:12445:11407,DBLa0.11,2.10E-55,BC
M00123:211:000000000-BYH2N:1:2110:8302:10545,DBLa0.16,9.80E-53,BC
V9.c24f7s10,DBLa0.24,2.00E-50,BC
M00123:210:000000000-BTDTV:1:1106:14352:24799,DBLa0.12,1.30E-50,BC
M00123:211:000000000-BYH2N:1:1110:16522:4586,DBLa0.22,2.80E-54,BC
Gc8.c3f76s103,DBLa1.1,6.90E-59,A
M00123:210:000000000-BTDTV:1:1107:25596:15754,DBLa0.8,4.40E-51,BC
Col1.c20f58s69,DBLa0.11,2.00E-52,BC
M00123:210:000000000-BTDTV:1:1103:28339:13263,DBLa0.7,5.90E-45,BC
G3st48.c9f9s13,DBLa0.11,2.00E-52,BC
M00123:211:000000000-BYH2N:1:2116:22825:4010,DBLa0.21,2.70E-56,BC
M00123:210:000000000-BTDTV:1:2119:15616:9911,DBLa2,1.20E-46,BC
G3st46.c18f23s29,DBLa0.24,2.60E-47,BC
M00123:211:000000000-BYH2N:1:2113:15620:21224,DBLa0.1,4.70E-45,BC
M00123:211:000000000-BYH2N:1:2106:14001:8834,DBLa0.8,1.50E-51,BC
M00123:210:000000000-BTDTV:1:1108:7858:16883,DBLa1.6,1.40E-48,A
Col2.c27f11s15,DBLa0.5,4.10E-52,BC
G3st46.c28f16s22,DBLa0.24,1.70E-45,BC
M00123:211:000000000-BYH2N:1:2115:23880:7650,DBLa0.12,8.30E-52,BC
M00123:211:000000000-BYH2N:1:1118:22737:9496,DBLa0.20,9.20E-48,BC
G3st2.c14f38s55,DBLa0.11,1.30E-55,BC
Gc38.c86f4s4,DBLa0.5,1.50E-55,BC
M00123:211:000000000-BYH2N:1:2103:25330:5191,DBLa0.11,3.70E-63,BC
P65.c5f48s60,DBLa1.2,7.50E-51,A
M00123:210:000000000-BTDTV:1:2107:17968:4535,DBLa0.16,2.90E-55,BC
M00123:211:000000000-BYH2N:1:2114:10260:12465,DBLa0.5,4.10E-52,BC
M00123:210:000000000-BTDTV:1:1111:20025:24427,DBLa0.9,2.40E-49,BC
P59.c10f21s24,DBLa0.8,1.60E-51,BC
M00123:211:000000000-BYH2N:1:2118:17147:10619,DBLa0.9,1.10E-47,BC
M00123:210:000000000-BTDTV:1:2116:7837:8443,DBLa0.19,3.40E-53,BC
Col25.c6f47s59,DBLa0.1,1.30E-51,BC
G3st12.c18f81s116,DBLa0.23,1.30E-47,BC
G3st3.c21f34s39,DBLa0.11,2.80E-55,BC
P45.c6f17s19,DBLa0.1,7.00E-52,BC
M00123:210:000000000-BTDTV:1:2116:5357:16355,DBLa0.8,7.90E-52,BC
Gc1.c10f23s32,DBLa0.8,1.90E-52,BC
M00123:210:000000000-BTDTV:1:1104:15947:18953,DBLa0.8,7.60E-48,BC
Gc21.c33f19s32,DBLa0.9,1.60E-48,BC
M00123:211:000000000-BYH2N:1:2105:7705:11159,DBLa0.14,5.90E-31,BC
Col3.c2f13s16,DBLa0.9,6.40E-52,BC
M00123:211:000000000-BYH2N:1:1112:15434:24369,DBLa0.1,3.90E-51,BC
V13.c29f18s30,DBLa0.1,1.00E-49,BC
P65.c7f28s34,DBLa0.1,8.50E-53,BC
G3st37.c37f4s5,DBLa0.3,3.20E-52,BC
G3st22.c16f19s27,DBLa0.1,2.00E-56,BC
M00123:210:000000000-BTDTV:1:1114:8760:11000,DBLa0.5,1.50E-55,BC
Col21.c9f20s29,DBLa0.1,1.20E-48,BC
G3st7.c9f28s38,DBLa0.11,4.90E-46,BC
M00123:211:000000000-BYH2N:1:1106:26301:11960,DBLa0.12,7.20E-49,BC
M00123:211:000000000-BYH2N:1:2105:18851:11019,DBLa0.9,6.90E-47,BC
M00123:211:000000000-BYH2N:1:1107:17073:9365,DBLa0.17,1.10E-51,BC
Gc39.c65f4s5,DBLa0.3,3.50E-50,BC
M00123:210:000000000-BTDTV:1:1107:27175:16279,DBLa0.11,6.80E-45,BC
M00123:210:000000000-BTDTV:1:1104:2955:13581,DBLa0.1,2.90E-52,BC
M00123:210:000000000-BTDTV:1:1102:13056:4150,DBLa0.13,3.00E-48,BC
Gc23.c31f6s14,DBLa0.1,1.40E-48,BC
M00123:210:000000000-BTDTV:1:1114:25792:13363,DBLa0.8,6.50E-49,BC
M00123:210:000000000-BTDTV:1:1102:14617:2477,DBLa0.1,4.80E-55,BC
M00123:210:000000000-BTDTV:1:1114:14737:8935,DBLa0.9,2.10E-47,BC
M00123:210:000000000-BTDTV:1:2115:8607:5237,DBLa0.1,1.10E-54,BC
M00123:210:000000000-BTDTV:1:1103:20270:9960,DBLa0.1,3.30E-42,BC
V14.c15f11s18,DBLa0.1,1.90E-53,BC
M00123:211:000000000-BYH2N:1:2102:16171:18830,DBLa0.11,2.00E-62,BC
Gc27.c48f6s8,DBLa0.5,2.20E-51,BC
M00123:210:000000000-BTDTV:1:1101:14681:8628,DBLa0.23,9.40E-45,BC
M00123:211:000000000-BYH2N:1:1108:23522:3855,DBLa0.16,3.80E-46,BC
M00123:210:000000000-BTDTV:1:2109:11568:23048,DBLa1.8,2.40E-66,A
G3st48.c24f8s9,DBLa0.1,1.40E-53,BC
P27.c11f36s47,DBLa1.2,1.10E-51,A
M00123:211:000000000-BYH2N:1:1108:16978:9801,DBLa0.9,1.40E-50,BC
P57.c16f21s28,DBLa0.5,1.50E-55,BC
Gc24.c13f10s17,DBLa0.17,7.80E-54,BC
M00123:211:000000000-BYH2N:1:2101:20947:11235,DBLa0.1,1.10E-43,BC
M00123:210:000000000-BTDTV:1:1117:18538:10417,DBLa0.1,2.50E-55,BC
P64.c25f9s10,DBLa0.1,1.20E-56,BC
M00123:211:000000000-BYH2N:1:2119:12196:8670,DBLa0.22,5.80E-41,BC
Gc43.c46f10s13,DBLa0.19,1.30E-54,BC
M00123:210:000000000-BTDTV:1:1117:11665:10603,DBLa0.23,7.00E-45,BC
M00123:211:000000000-BYH2N:1:2113:12046:13944,DBLa2,1.20E-45,BC
M00123:210:000000000-BTDTV:1:1107:10455:5162,DBLa1.7,1.30E-52,A
M00123:210:000000000-BTDTV:1:2103:6764:11299,DBLa0.21,1.80E-55,BC
V12.c20f45s61,DBLa0.12,8.10E-53,BC
M00123:211:000000000-BYH2N:1:2115:18667:6902,DBLa1.5,4.10E-50,A
Gc2.c31f16s38,DBLa0.1,9.00E-58,BC
Gc35.c19f19s33,DBLa0.5,1.90E-52,BC
M00123:211:000000000-BYH2N:1:2106:8058:20662,DBLa0.7,3.50E-39,BC
Gc28.c90f4s4,DBLa1.8,2.10E-50,A
M00123:210:000000000-BTDTV:1:2119:23595:19244,DBLa0.1,5.70E-51,BC
G3st12.c50f4s7,DBLa0.6,6.40E-49,BC
P55.c2f133s170,DBLa0.11,3.80E-55,BC
M00123:211:000000000-BYH2N:1:1105:13874:13727,DBLa1.8,2.20E-51,A
M00123:211:000000000-BYH2N:1:1109:4545:16626,DBLa0.2,7.50E-54,BC
M00123:211:000000000-BYH2N:1:1119:19632:20695,DBLa0.3,6.30E-58,BC
Col9.c38f9s12,DBLa0.1,9.20E-53,BC
M00123:210:000000000-BTDTV:1:1114:5754:7983,DBLa0.11,1.70E-49,BC
G3st34.c31f8s11,DBLa0.1,5.20E-59,BC
Gc17.c54f5s9,DBLa0.15,4.30E-54,BC
M00123:211:000000000-BYH2N:1:2106:13789:16537,DBLa1.2,5.70E-53,A
M00123:211:000000000-BYH2N:1:1114:7575:23737,DBLa0.23,4.70E-59,BC
M00123:210:000000000-BTDTV:1:2106:10453:19687,DBLa0.11,8.80E-53,BC
M00123:210:000000000-BTDTV:1:1102:26669:6430,DBLa1.8,4.00E-56,A
M00123:211:000000000-BYH2N:1:2108:15954:7418,DBLa0.13,7.10E-53,BC
M00123:210:000000000-BTDTV:1:2118:5933:11541,DBLa0.9,5.50E-50,BC
P38.c31f3s3,DBLa0.1,8.30E-53,BC
M00123:211:000000000-BYH2N:1:2119:26565:5339,DBLa0.22,6.00E-51,BC
M00123:211:000000000-BYH2N:1:1111:12491:10162,DBLa1.7,1.20E-49,A
Col2.c34f7s11,DBLa0.9,7.20E-52,BC
M00123:211:000000000-BYH2N:1:1103:16456:7126,DBLa0.12,6.40E-47,BC
M00123:211:000000000-BYH2N:1:1109:8086:9739,DBLa1.5,1.30E-45,A
M00123:211:000000000-BYH2N:1:1105:23545:7565,DBLa0.12,3.80E-50,BC
M00123:210:000000000-BTDTV:1:2103:5019:11048,DBLa0.8,4.00E-54,BC
Col30.c34f23s32,DBLa0.15,8.10E-43,BC
V11.c6f52s61,DBLa1.4,1.90E-47,A
P16.c20f25s38,DBLa0.1,2.90E-56,BC
M00123:210:000000000-BTDTV:1:2119:24586:13735,DBLa1.8,7.70E-55,A
M00123:210:000000000-BTDTV:1:1115:8209:7419,DBLa0.5,1.20E-50,BC
G3st12.c19f80s115,DBLa0.9,1.10E-48,BC
M00123:211:000000000-BYH2N:1:1105:9345:14995,DBLa0.9,7.40E-53,BC
G3st14.c39f4s8,DBLa0.6,2.80E-42,BC
M00123:211:000000000-BYH2N:1:2105:9709:9601,DBLa1.5,1.70E-53,A
M00123:210:000000000-BTDTV:1:1107:28881:17619,DBLa0.18,3.20E-44,BC
G3st19.c69f8s11,DBLa0.5,5.00E-50,BC
M00123:211:000000000-BYH2N:1:1112:17735:20548,DBLa1.2,5.30E-53,A
Gc32.c35f7s8,DBLa1.4,8.00E-47,A
Gc42.c10f54s86,DBLa0.6,2.90E-49,BC
M00123:211:000000000-BYH2N:1:2115:24263:14717,DBLa0.12,3.30E-58,BC
M00123:210:000000000-BTDTV:1:1103:27178:21193,DBLa0.1,2.70E-44,BC
M00123:211:000000000-BYH2N:1:1108:14307:19689,DBLa0.23,7.90E-43,BC
Gc47.c19f79s112,DBLa0.5,2.70E-54,BC
Gc34.c19f7s8,DBLa1.4,2.80E-47,A
M00123:211:000000000-BYH2N:1:2117:23942:6414,DBLa0.23,4.40E-57,BC
M00123:211:000000000-BYH2N:1:1113:18352:3649,DBLa0.22,5.40E-60,BC
P46.c1f46s60,DBLa0.7,7.00E-42,BC
P46.c19f13s20,DBLa0.1,2.00E-58,BC
M00123:210:000000000-BTDTV:1:1106:22009:17786,DBLa0.4,6.10E-48,BC
P64.c16f11s19,DBLa1.7,2.10E-48,A
M00123:211:000000000-BYH2N:1:1102:3379:9840,DBLa0.21,4.40E-56,BC
Gc45.c45f17s25,DBLa0.8,1.50E-46,BC
Gc26.c0f6s11,DBLa1.8,8.50E-55,A
P38.c2f15s16,DBLa0.19,3.50E-51,BC
M00123:210:000000000-BTDTV:1:2114:2192:15888,DBLa0.4,9.90E-45,BC
G3st37.c23f10s15,DBLa2,2.00E-47,BC
M00123:211:000000000-BYH2N:1:1109:26450:16807,DBLa0.20,1.10E-55,BC
G3st35.c43f6s7,DBLa1.8,3.40E-52,A
P9.c5f26s31,DBLa0.9,9.30E-51,BC
M00123:210:000000000-BTDTV:1:1102:14937:18068,DBLa0.1,1.00E-55,BC
M00123:211:000000000-BYH2N:1:2115:21240:4352,DBLa1.8,2.20E-58,A
Gc21.c48f17s23,DBLa0.8,8.70E-53,BC
Gc9.c9f42s64,DBLa1.8,3.20E-57,A
G3st5.c34f34s57,DBLa0.15,3.90E-48,BC
M00123:210:000000000-BTDTV:1:2108:8944:10442,DBLa0.22,1.40E-41,BC
P38.c25f5s5,DBLa0.1,7.60E-55,BC
M00123:210:000000000-BTDTV:1:2110:7883:10088,DBLa0.1,9.90E-53,BC
M00123:211:000000000-BYH2N:1:2105:15758:7408,DBLa1.2,1.70E-55,A
Col23.c18f3s3,DBLa0.1,1.90E-54,BC
M00123:210:000000000-BTDTV:1:1107:4642:10150,DBLa1.2,9.00E-53,A
M00123:210:000000000-BTDTV:1:1115:25512:12080,DBLa0.4,5.20E-52,BC
P65.c9f26s31,DBLa1.8,8.10E-53,A
M00123:211:000000000-BYH2N:1:2112:13194:8482,DBLa0.9,2.00E-51,BC
Gc35.c53f7s8,DBLa0.8,2.00E-45,BC
M00123:211:000000000-BYH2N:1:2117:19026:17733,DBLa0.18,6.30E-47,BC
M00123:211:000000000-BYH2N:1:1112:23636:19432,DBLa0.2,3.60E-45,BC
G3st12.c47f5s9,DBLa0.4,9.60E-51,BC
Col1.c42f6s7,DBLa1.2,2.70E-48,A
M00123:211:000000000-BYH2N:1:1117:23082:15265,DBLa0.23,2.50E-50,BC
Col30.c30f28s36,DBLa0.1,6.70E-54,BC
G3st18.c1f19s22,DBLa0.6,9.40E-47,BC
Gc32.c44f3s3,DBLa1.8,9.40E-55,A
M00123:210:000000000-BTDTV:1:1110:13274:12148,DBLa0.8,1.70E-52,BC
Gc17.c34f12s13,DBLa0.19,7.10E-56,BC
Gc50.c25f16s17,DBLa1.2,1.40E-51,A
M00123:210:000000000-BTDTV:1:1107:17492:13955,DBLa0.8,6.60E-51,BC
P14.c33f4s9,DBLa1.8,8.90E-57,A
M00123:210:000000000-BTDTV:1:1116:24784:7695,DBLa0.22,1.10E-51,BC
Gc58.c47f8s9,DBLa0.12,1.80E-53,BC
M00123:210:000000000-BTDTV:1:1106:25331:9528,DBLa0.22,1.20E-48,BC
G3st21.c65f3s3,DBLa0.7,4.30E-45,BC
M00123:210:000000000-BTDTV:1:1107:23846:4635,DBLa1.4,1.20E-46,A
M00123:211:000000000-BYH2N:1:2116:7103:4445,DBLa0.15,5.60E-49,BC
M00123:210:000000000-BTDTV:1:1103:15433:13444,DBLa0.4,1.40E-52,BC
Col16.c25f4s6,DBLa0.1,2.10E-52,BC
M00123:210:000000000-BTDTV:1:2105:20704:2907,DBLa0.4,3.30E-47,BC
P14.c1f23s32,DBLa1.2,9.60E-54,A
Col1.c21f51s69,DBLa0.9,3.30E-50,BC
M00123:210:000000000-BTDTV:1:1119:15417:24829,DBLa0.19,5.00E-57,BC
M00123:211:000000000-BYH2N:1:2119:16783:13555,DBLa0.1,9.20E-61,BC
P55.c16f51s62,DBLa0.22,2.70E-52,BC
G3st20.c50f3s4,DBLa1.5,1.00E-51,A
Col17.c21f9s9,DBLa0.8,2.60E-51,BC
M00123:210:000000000-BTDTV:1:2116:21389:16397,DBLa0.1,1.80E-53,BC
P59.c11f20s24,DBLa1.2,4.10E-47,A
G3st44.c30f9s11,DBLa0.11,6.60E-54,BC
Gc47.c42f12s20,DBLa0.15,3.50E-60,BC
M00123:210:000000000-BTDTV:1:1113:8268:20640,DBLa1.4,9.40E-45,A
Gc21.c16f20s46,DBLa1.8,2.30E-54,A
Gc13.c20f66s99,DBLa0.5,3.80E-55,BC
V10.c32f14s24,DBLa0.1,4.50E-50,BC
M00123:211:000000000-BYH2N:1:2119:14675:13408,DBLa0.22,7.50E-59,BC
M00123:210:000000000-BTDTV:1:1114:26107:7671,DBLa0.18,5.40E-36,BC
M00123:211:000000000-BYH2N:1:1119:16159:8332,DBLa0.8,4.80E-52,BC
Gc49.c29f15s18,DBLa0.8,1.70E-52,BC
M00123:211:000000000-BYH2N:1:2103:22349:19418,DBLa0.5,5.90E-52,BC
M00123:211:000000000-BYH2N:1:2116:20777:20181,DBLa0.4,2.20E-56,BC
Col30.c7f48s64,DBLa0.5,1.50E-55,BC
P19.c36f4s6,DBLa0.8,2.50E-50,BC
P64.c31f4s8,DBLa0.11,7.40E-49,BC
G3st14.c18f15s21,DBLa0.1,5.10E-52,BC
M00123:211:000000000-BYH2N:1:1118:15403:4886,DBLa0.12,4.80E-52,BC
G3st30.c10f20s24,DBLa0.24,3.30E-45,BC
M00123:210:000000000-BTDTV:1:1117:7784:11808,DBLa0.19,8.70E-43,BC
Gc53.c43f5s7,DBLa0.3,1.90E-52,BC
Col10.c8f17s42,DBLa0.19,1.80E-50,BC
P58.c26f4s5,DBLa0.5,2.50E-50,BC
M00123:210:000000000-BTDTV:1:2116:7314:17740,DBLa0.1,8.40E-50,BC
G3st25.c27f53s77,DBLa0.2,1.80E-45,BC
P9.c1f27s37,DBLa0.11,6.70E-53,BC
Gc21.c27f23s34,DBLa0.1,1.80E-56,BC
Gc38.c73f5s9,DBLa0.1,5.40E-51,BC
Gc2.c15f53s75,DBLa0.15,4.00E-51,BC
Gc47.c35f57s79,DBLa0.24,4.90E-42,BC
G3st26.c20f5s6,DBLa0.10,4.10E-46,BC
M00123:210:000000000-BTDTV:1:2107:5470:7278,DBLa1.7,2.60E-50,A
M00123:211:000000000-BYH2N:1:2116:5956:11524,DBLa0.6,4.80E-50,BC
M00123:210:000000000-BTDTV:1:1108:18336:14627,DBLa0.9,2.40E-49,BC
Col15.c29f10s15,DBLa0.1,2.50E-55,BC
M00123:211:000000000-BYH2N:1:1112:9138:19195,DBLa0.1,1.20E-54,BC
M00123:210:000000000-BTDTV:1:2119:13583:24126,DBLa0.20,3.40E-64,BC
M00123:210:000000000-BTDTV:1:2109:20032:5745,DBLa0.8,3.20E-50,BC
Gc6.c29f7s16,DBLa0.15,1.90E-54,BC
Gc14.c39f6s8,DBLa1.5,5.10E-52,A
Col7.c29f5s5,DBLa0.11,5.70E-53,BC
M00123:211:000000000-BYH2N:1:2105:14553:22351,DBLa0.4,2.40E-52,BC
M00123:211:000000000-BYH2N:1:1103:9666:16721,DBLa0.15,3.50E-53,BC
G3st44.c38f3s6,DBLa0.1,5.40E-56,BC
Col13.c28f8s13,DBLa0.19,1.50E-53,BC
Gc28.c85f4s6,DBLa1.1,5.70E-49,A
Col17.c20f3s10,DBLa0.19,3.40E-52,BC
G3st7.c49f12s13,DBLa0.1,1.60E-51,BC
G3st46.c9f36s41,DBLa0.5,6.90E-56,BC
V13.c4f55s75,DBLa0.11,2.20E-38,BC
M00123:210:000000000-BTDTV:1:2107:15441:14980,DBLa0.15,2.10E-52,BC
M00123:211:000000000-BYH2N:1:1101:23644:16380,DBLa0.1,7.10E-58,BC
G3st19.c79f3s6,DBLa0.11,9.40E-52,BC
G3st28.c20f8s10,DBLa0.22,1.30E-48,BC
M00123:211:000000000-BYH2N:1:1115:8198:5558,DBLa0.12,4.20E-49,BC
G3st26.c18f5s7,DBLa0.14,1.10E-51,BC
M00123:210:000000000-BTDTV:1:1102:24161:3858,DBLa0.9,2.00E-30,BC
M00123:211:000000000-BYH2N:1:2111:13423:8767,DBLa0.1,1.80E-55,BC
M00123:211:000000000-BYH2N:1:1117:25151:10610,DBLa0.9,1.00E-56,BC
M00123:211:000000000-BYH2N:1:2109:21952:5341,DBLa0.19,2.20E-52,BC
M00123:210:000000000-BTDTV:1:2103:17276:18896,DBLa1.2,5.40E-50,A
M00123:210:000000000-BTDTV:1:1107:19475:17955,DBLa0.3,2.90E-50,BC
M00123:210:000000000-BTDTV:1:1108:13482:14606,DBLa0.21,1.00E-48,BC
P27.c26f22s26,DBLa0.5,3.50E-55,BC
Gc35.c64f3s3,DBLa0.3,2.90E-51,BC
G3st5.c5f132s185,DBLa0.8,6.00E-47,BC
M00123:210:000000000-BTDTV:1:2107:13993:5291,DBLa2,4.60E-48,BC
M00123:211:000000000-BYH2N:1:1119:17818:21602,DBLa1.8,7.00E-51,A
M00123:211:000000000-BYH2N:1:2110:7128:13294,DBLa0.19,2.80E-60,BC
M00123:210:000000000-BTDTV:1:2110:28212:16266,DBLa0.23,4.20E-44,BC
Col15.c3f31s38,DBLa0.8,3.40E-52,BC
M00123:210:000000000-BTDTV:1:1119:11064:16095,DBLa0.1,4.10E-53,BC
Col2.c4f28s34,DBLa0.15,2.90E-51,BC
Gc38.c54f4s18,DBLa0.1,1.00E-58,BC
M00123:211:000000000-BYH2N:1:2104:12891:6904,DBLa0.5,1.70E-43,BC
Col30.c35f22s29,DBLa0.12,1.70E-51,BC
P64.c23f7s11,DBLa0.8,1.90E-49,BC
M00123:211:000000000-BYH2N:1:2118:22057:11580,DBLa1.2,1.20E-56,A
V7.c14f27s36,DBLa0.24,1.20E-43,BC
Gc24.c23f10s12,DBLa0.1,2.00E-50,BC
M00123:211:000000000-BYH2N:1:1116:13585:18683,DBLa0.21,1.10E-59,BC
G3st46.c19f25s28,DBLa1.1,6.80E-50,A
M00123:211:000000000-BYH2N:1:1104:16479:9787,DBLa0.5,3.40E-55,BC
P58.c30f3s3,DBLa0.12,3.20E-45,BC
M00123:210:000000000-BTDTV:1:2107:10599:17357,DBLa0.1,3.00E-42,BC
Gc13.c42f3s5,DBLa0.21,3.40E-48,BC
P6.c11f9s20,DBLa1.4,3.80E-44,A
Col2.c21f14s17,DBLa0.3,1.40E-55,BC
V9.c25f6s9,DBLa0.9,2.70E-49,BC
P59.c26f7s10,DBLa0.8,9.40E-49,BC
M00123:211:000000000-BYH2N:1:2101:7743:16195,DBLa0.1,5.40E-59,BC
Col5.c13f21s27,DBLa0.8,7.60E-47,BC
M00123:210:000000000-BTDTV:1:2111:12032:19300,DBLa0.7,1.20E-42,BC
M00123:211:000000000-BYH2N:1:1115:6023:17861,DBLa1.5,3.80E-51,A
G3st35.c40f8s9,DBLa0.15,3.50E-52,BC
M00123:210:000000000-BTDTV:1:1102:24111:20397,DBLa0.1,5.80E-48,BC
P45.c7f17s18,DBLa0.19,3.40E-49,BC
M00123:210:000000000-BTDTV:1:1106:18214:12789,DBLa0.3,4.80E-51,BC
P55.c1f161s188,DBLa0.10,2.00E-50,BC
M00123:210:000000000-BTDTV:1:1103:16191:18247,DBLa0.22,2.60E-63,BC
M00123:210:000000000-BTDTV:1:2114:22610:4053,DBLa1.8,6.70E-47,A
M00123:210:000000000-BTDTV:1:1119:26543:16826,DBLa0.19,1.50E-53,BC
Gc31.c8f8s8,DBLa0.5,8.80E-44,BC
M00123:210:000000000-BTDTV:1:2115:17600:20833,DBLa0.9,7.10E-52,BC
M00123:211:000000000-BYH2N:1:1101:24294:13985,DBLa1.8,3.80E-60,A
G3st40.c26f10s13,DBLa0.1,4.40E-51,BC
M00123:211:000000000-BYH2N:1:2118:16074:12360,DBLa0.7,1.40E-46,BC
M00123:211:000000000-BYH2N:1:1104:20030:18018,DBLa0.8,1.10E-39,BC
Gc31.c16f5s6,DBLa0.1,3.30E-53,BC
M00123:210:000000000-BTDTV:1:1102:13190:17481,DBLa0.19,2.00E-49,BC
M00123:210:000000000-BTDTV:1:2116:19015:17735,DBLa0.17,3.40E-48,BC
M00123:211:000000000-BYH2N:1:1101:21374:16971,DBLa0.1,3.20E-44,BC
M00123:211:000000000-BYH2N:1:2119:21287:23250,DBLa0.9,1.60E-53,BC
M00123:211:000000000-BYH2N:1:1117:18063:13784,DBLa0.2,1.10E-71,BC
V14.c20f8s14,DBLa0.5,1.90E-53,BC
Col7.c5f11s16,DBLa0.11,1.70E-55,BC
G3st22.c7f25s35,DBLa0.13,3.60E-50,BC
M00123:210:000000000-BTDTV:1:2108:9228:12518,DBLa0.1,1.30E-55,BC
P9.c35f5s9,DBLa0.1,6.10E-61,BC
G3st30.c4f27s33,DBLa0.3,6.80E-51,BC
P24.c26f7s11,DBLa0.5,2.40E-51,BC
M00123:211:000000000-BYH2N:1:2107:15114:8582,DBLa0.20,2.80E-48,BC
M00123:210:000000000-BTDTV:1:1114:13156:24524,DBLa2,7.30E-45,BC
Col4.c7f34s42,DBLa1.4,3.00E-52,A
Gc43.c13f16s22,DBLa0.1,3.70E-54,BC
M00123:210:000000000-BTDTV:1:1108:19219:12032,DBLa0.3,1.40E-44,BC
Gc35.c49f7s10,DBLa0.1,2.40E-53,BC
M00123:210:000000000-BTDTV:1:1112:19053:21730,DBLa0.9,6.90E-51,BC
G3st13.c41f15s17,DBLa0.5,1.30E-45,BC
M00123:210:000000000-BTDTV:1:1102:7776:19865,DBLa0.21,3.60E-63,BC
G3st23.c40f3s4,DBLa0.24,7.30E-46,BC
M00123:210:000000000-BTDTV:1:2117:7485:22493,DBLa0.11,8.20E-54,BC
M00123:211:000000000-BYH2N:1:1110:8722:22850,DBLa0.12,7.60E-48,BC
M00123:211:000000000-BYH2N:1:1115:23610:21855,DBLa0.9,4.30E-55,BC
G3st28.c26f5s9,DBLa0.10,3.10E-54,BC
M00123:211:000000000-BYH2N:1:1109:5485:21223,DBLa1.7,3.90E-53,A
P16.c4f53s70,DBLa0.3,1.40E-56,BC
M00123:211:000000000-BYH2N:1:2102:9752:7793,DBLa0.10,1.10E-51,BC
P46.c20f19s19,DBLa0.1,4.00E-52,BC
M00123:210:000000000-BTDTV:1:1114:21490:13975,DBLa0.15,4.30E-50,BC
M00123:210:000000000-BTDTV:1:1115:13792:16913,DBLa0.3,2.00E-45,BC
M00123:210:000000000-BTDTV:1:1117:7729:13221,DBLa1.2,1.80E-49,A
M00123:210:000000000-BTDTV:1:1101:22137:10262,DBLa0.1,5.90E-52,BC
M00123:211:000000000-BYH2N:1:2114:4941:12955,DBLa0.8,1.30E-55,BC
Gc23.c35f8s12,DBLa0.8,1.40E-49,BC
Col2.c39f5s6,DBLa1.1,2.10E-54,A
P55.c34f31s38,DBLa0.11,4.90E-54,BC
M00123:210:000000000-BTDTV:1:1103:12023:14851,DBLa0.3,5.50E-49,BC
Gc38.c51f17s19,DBLa0.23,4.10E-48,BC
V13.c32f7s12,DBLa0.4,8.10E-44,BC
Col25.c18f27s39,DBLa0.15,8.20E-54,BC
Gc5.c41f4s8,DBLa0.16,9.60E-52,BC
Col4.c8f30s39,DBLa0.18,6.00E-50,BC
M00123:210:000000000-BTDTV:1:1105:10444:22919,DBLa2,2.20E-46,BC
M00123:210:000000000-BTDTV:1:1102:9717:13899,DBLa0.1,1.80E-54,BC
M00123:210:000000000-BTDTV:1:1108:13444:6541,DBLa0.5,1.70E-52,BC
M00123:211:000000000-BYH2N:1:1119:19497:21856,DBLa0.11,9.30E-49,BC
M00123:210:000000000-BTDTV:1:2109:11612:17534,DBLa0.1,7.70E-55,BC
M00123:210:000000000-BTDTV:1:2112:14769:12116,DBLa0.11,2.50E-54,BC
M00123:211:000000000-BYH2N:1:1105:20633:3211,DBLa0.18,4.10E-48,BC
M00123:210:000000000-BTDTV:1:1104:21783:19065,DBLa0.24,9.90E-65,BC
Gc47.c17f82s113,DBLa0.6,2.90E-50,BC
Col2.c31f10s13,DBLa1.5,4.20E-47,A
G3st8.c48f5s6,DBLa1.4,4.30E-44,A
Gc2.c17f45s57,DBLa1.8,3.40E-57,A
M00123:211:000000000-BYH2N:1:1111:12509:9719,DBLa0.1,5.80E-56,BC
V7.c36f10s10,DBLa1.6,1.60E-49,A
V15.c4f35s48,DBLa0.8,9.80E-46,BC
M00123:211:000000000-BYH2N:1:2116:8431:7443,DBLa0.19,5.10E-62,BC
G3st23.c14f5s10,DBLa0.1,3.50E-56,BC
Col21.c35f6s7,DBLa0.15,1.10E-48,BC
G3st18.c50f4s4,DBLa0.18,1.90E-50,BC
M00123:211:000000000-BYH2N:1:2102:18234:9368,DBLa1.8,8.40E-55,A
M00123:210:000000000-BTDTV:1:2104:16458:18038,DBLa0.3,1.80E-24,BC
G3st32.c3f15s15,DBLa0.8,1.30E-50,BC
M00123:210:000000000-BTDTV:1:1108:15735:17326,DBLa0.15,4.30E-53,BC
M00123:211:000000000-BYH2N:1:1104:24560:4322,DBLa1.4,2.40E-56,A
V6.c39f4s4,DBLa0.3,6.30E-54,BC
G3st22.c33f10s16,DBLa0.5,1.80E-55,BC
M00123:210:000000000-BTDTV:1:2110:11422:8908,DBLa0.1,2.30E-51,BC
M00123:210:000000000-BTDTV:1:1108:20030:3507,DBLa0.20,5.30E-51,BC
G3st13.c44f12s15,DBLa0.14,1.80E-57,BC
V13.c7f45s68,DBLa0.21,1.20E-49,BC
Col21.c26f9s16,DBLa0.18,2.80E-50,BC
P57.c29f13s17,DBLa0.5,3.60E-53,BC
M00123:210:000000000-BTDTV:1:1117:22509:6066,DBLa0.1,5.10E-51,BC
Gc5.c37f7s9,DBLa0.11,1.30E-51,BC
M00123:210:000000000-BTDTV:1:2111:16695:19436,DBLa0.15,1.40E-51,BC
M00123:210:000000000-BTDTV:1:1111:9806:18230,DBLa0.1,2.60E-52,BC
Col18.c27f26s32,DBLa0.5,3.70E-52,BC
Col15.c9f22s28,DBLa0.9,5.70E-47,BC
M00123:210:000000000-BTDTV:1:1109:10904:9171,DBLa1.5,6.30E-47,A
Gc13.c40f6s6,DBLa0.18,1.90E-48,BC
M00123:210:000000000-BTDTV:1:2111:7274:7717,DBLa0.1,1.10E-53,BC
M00123:211:000000000-BYH2N:1:2105:11253:8756,DBLa0.5,5.00E-53,BC
M00123:211:000000000-BYH2N:1:1111:25819:18132,DBLa1.2,9.20E-57,A
M00123:211:000000000-BYH2N:1:2112:15334:21499,DBLa0.19,3.20E-43,BC
M00123:211:000000000-BYH2N:1:2115:15081:3331,DBLa0.1,9.80E-51,BC
Col11.c7f21s26,DBLa0.1,3.00E-38,BC
P6.c24f3s5,DBLa1.8,1.10E-55,A
M00123:210:000000000-BTDTV:1:2106:5154:20177,DBLa0.5,9.00E-50,BC
M00123:210:000000000-BTDTV:1:2104:5314:10310,DBLa0.23,4.10E-48,BC
G3st36.c32f7s9,DBLa0.1,4.80E-53,BC
V11.c5f51s64,DBLa0.1,2.80E-49,BC
M00123:210:000000000-BTDTV:1:1105:9456:14887,DBLa0.11,1.60E-55,BC
Gc47.c12f91s133,DBLa0.5,1.00E-51,BC
Gc14.c9f47s59,DBLa0.23,2.70E-44,BC
M00123:210:000000000-BTDTV:1:1101:21598:2091,DBLa0.8,3.90E-43,BC
Col15.c15f15s24,DBLa0.8,1.70E-49,BC
M00123:210:000000000-BTDTV:1:1105:12334:16128,DBLa0.12,1.00E-50,BC
M00123:210:000000000-BTDTV:1:1118:20093:15031,DBLa0.11,5.80E-59,BC
M00123:210:000000000-BTDTV:1:1112:7826:19689,DBLa0.9,1.80E-48,BC
P65.c14f17s22,DBLa0.11,1.00E-50,BC
M00123:211:000000000-BYH2N:1:1104:12271:23092,DBLa0.15,1.20E-43,BC
M00123:210:000000000-BTDTV:1:1117:25014:11472,DBLa1.4,7.50E-57,A
M00123:211:000000000-BYH2N:1:1115:17050:10273,DBLa0.20,2.10E-46,BC
M00123:211:000000000-BYH2N:1:1102:13531:6158,DBLa0.14,2.20E-57,BC
M00123:210:000000000-BTDTV:1:1108:24411:16753,DBLa0.11,1.30E-44,BC
Gc53.c16f21s35,DBLa0.17,7.40E-53,BC
Col25.c25f24s34,DBLa0.16,6.10E-33,BC
M00123:211:000000000-BYH2N:1:2109:28487:10219,DBLa0.11,1.80E-47,BC
M00123:211:000000000-BYH2N:1:2102:10627:10298,DBLa0.1,4.70E-56,BC
Gc11.c43f11s16,DBLa0.12,5.50E-53,BC
M00123:210:000000000-BTDTV:1:1112:19888:23000,DBLa0.10,1.30E-48,BC
M00123:211:000000000-BYH2N:1:1109:24351:18398,DBLa0.11,7.80E-58,BC
M00123:211:000000000-BYH2N:1:2116:17339:11555,DBLa0.13,2.30E-50,BC
V15.c11f26s40,DBLa0.8,2.30E-50,BC
M00123:211:000000000-BYH2N:1:1104:7396:20496,DBLa0.8,3.40E-50,BC
P46.c33f11s14,DBLa1.8,1.20E-52,A
Gc42.c8f62s89,DBLa0.18,3.50E-46,BC
G3st3.c19f35s43,DBLa1.8,4.50E-55,A
V14.c29f9s9,DBLa1.1,9.60E-55,A
M00123:210:000000000-BTDTV:1:1112:17484:16745,DBLa0.1,7.40E-56,BC
M00123:210:000000000-BTDTV:1:1105:8395:7614,DBLa0.8,2.50E-49,BC
Gc49.c6f22s31,DBLa0.9,1.70E-47,BC
Col7.c11f7s12,DBLa0.8,2.40E-52,BC
M00123:210:000000000-BTDTV:1:1109:13441:22466,DBLa0.1,1.10E-56,BC
M00123:211:000000000-BYH2N:1:1101:12458:24183,DBLa0.11,2.60E-46,BC
P6.c22f5s9,DBLa0.18,4.70E-44,BC
M00123:210:000000000-BTDTV:1:2108:7765:13844,DBLa1.8,1.10E-53,A
Col1.c33f42s55,DBLa0.11,6.70E-57,BC
V14.c32f8s9,DBLa0.5,1.20E-55,BC
G3st32.c34f3s4,DBLa1.1,9.30E-57,A
Gc53.c44f4s5,DBLa0.3,5.60E-53,BC
Gc45.c59f3s4,DBLa0.8,1.80E-47,BC
Gc35.c17f24s34,DBLa0.11,3.00E-50,BC
M00123:210:000000000-BTDTV:1:1104:25679:7387,DBLa1.8,1.40E-52,A
G3st48.c8f10s13,DBLa0.8,2.00E-52,BC
Gc53.c37f11s17,DBLa0.1,8.30E-55,BC
G3st31.c20f11s16,DBLa0.3,9.90E-42,BC
M00123:211:000000000-BYH2N:1:2117:21308:19287,DBLa0.17,6.50E-57,BC
V9.c13f15s22,DBLa0.8,1.20E-51,BC
M00123:211:000000000-BYH2N:1:2109:11068:3583,DBLa1.4,7.50E-43,A
Gc43.c10f17s24,DBLa0.24,6.00E-48,BC
V15.c27f16s18,DBLa0.18,3.50E-43,BC
M00123:210:000000000-BTDTV:1:1117:4476:6354,DBLa0.9,1.80E-43,BC
G3st22.c3f41s51,DBLa0.9,1.30E-48,BC
Gc11.c8f33s47,DBLa0.16,1.30E-38,BC
M00123:210:000000000-BTDTV:1:1109:18235:15739,DBLa0.5,2.40E-54,BC
M00123:211:000000000-BYH2N:1:1117:13141:20871,DBLa0.7,4.50E-54,BC
G3st32.c6f9s12,DBLa0.4,3.40E-44,BC
M00123:210:000000000-BTDTV:1:2113:24314:7529,DBLa0.9,4.00E-52,BC
Col16.c13f5s9,DBLa0.5,4.50E-53,BC
P55.c21f42s55,DBLa0.5,1.10E-57,BC
Gc57.c47f3s3,DBLa0.8,2.50E-52,BC
V10.c11f46s51,DBLa0.9,6.30E-53,BC
G3st5.c42f4s5,DBLa0.14,4.60E-40,BC
Gc38.c30f30s40,DBLa0.3,2.80E-52,BC
V12.c25f32s45,DBLa0.1,3.00E-54,BC
G3st14.c40f3s3,DBLa1.1,4.60E-50,A
M00123:211:000000000-BYH2N:1:2117:24912:15421,DBLa0.1,2.10E-51,BC
M00123:211:000000000-BYH2N:1:1111:14373:5503,DBLa0.11,3.30E-59,BC
M00123:210:000000000-BTDTV:1:1117:23813:22873,DBLa0.1,4.20E-53,BC
M00123:210:000000000-BTDTV:1:2112:16766:2423,DBLa1.7,2.60E-53,A
Gc6.c28f12s16,DBLa0.11,2.50E-54,BC
M00123:210:000000000-BTDTV:1:2113:8195:20396,DBLa1.4,1.60E-47,A
M00123:211:000000000-BYH2N:1:2109:27297:6905,DBLa0.9,1.40E-52,BC
Col1.c34f35s51,DBLa0.3,1.00E-43,BC
Col25.c40f5s7,DBLa0.11,1.70E-54,BC
M00123:211:000000000-BYH2N:1:1107:8260:15511,DBLa0.8,6.70E-53,BC
M00123:210:000000000-BTDTV:1:1106:19844:18743,DBLa0.1,2.80E-55,BC
M00123:210:000000000-BTDTV:1:1104:13462:17923,DBLa0.8,5.20E-43,BC
M00123:210:000000000-BTDTV:1:1115:10493:10998,DBLa0.23,8.40E-48,BC
Gc7.c49f7s11,DBLa1.1,1.70E-53,A
M00123:210:000000000-BTDTV:1:1105:14582:14750,DBLa1.7,6.30E-54,A
Gc39.c64f4s5,DBLa0.3,7.40E-56,BC
M00123:211:000000000-BYH2N:1:2117:21981:11329,DBLa1.7,1.20E-42,A
V12.c8f76s96,DBLa0.1,1.10E-56,BC
V12.c5f102s130,DBLa0.9,9.30E-51,BC
M00123:210:000000000-BTDTV:1:1117:23499:11721,DBLa0.10,3.10E-49,BC
M00123:210:000000000-BTDTV:1:1115:17701:5358,DBLa1.4,6.30E-50,A
Col21.c36f5s6,DBLa0.1,2.40E-56,BC
Gc15.c17f35s50,DBLa1.7,2.10E-45,A
G3st2.c75f3s4,DBLa0.22,1.60E-56,BC
M00123:211:000000000-BYH2N:1:1109:15302:18716,DBLa0.12,2.60E-53,BC
Gc27.c44f5s10,DBLa0.17,7.80E-54,BC
G3st5.c40f10s15,DBLa0.8,2.40E-54,BC
Gc1.c36f3s3,DBLa0.6,3.10E-48,BC
M00123:211:000000000-BYH2N:1:1103:14863:8705,DBLa0.9,3.20E-50,BC
M00123:210:000000000-BTDTV:1:1115:16770:20385,DBLa0.16,6.50E-51,BC
M00123:210:000000000-BTDTV:1:1101:4844:14664,DBLa0.1,4.20E-52,BC
M00123:210:000000000-BTDTV:1:2112:18666:11903,DBLa0.12,1.50E-52,BC
P32.c22f7s13,DBLa0.17,1.30E-51,BC
P64.c6f24s27,DBLa0.5,3.80E-52,BC
Col30.c33f28s33,DBLa0.1,4.70E-50,BC
V14.c17f10s17,DBLa0.19,3.10E-56,BC
M00123:211:000000000-BYH2N:1:2107:14353:19000,DBLa0.23,8.70E-50,BC
M00123:211:000000000-BYH2N:1:2112:10955:12333,DBLa0.19,7.60E-41,BC
M00123:211:000000000-BYH2N:1:1119:10940:16858,DBLa0.5,2.00E-48,BC
M00123:210:000000000-BTDTV:1:1103:25940:12631,DBLa0.3,5.80E-56,BC
M00123:210:000000000-BTDTV:1:2106:9731:22648,DBLa0.18,3.50E-50,BC
Gc17.c44f10s12,DBLa0.8,5.00E-53,BC
M00123:211:000000000-BYH2N:1:1104:12858:9122,DBLa0.5,5.80E-55,BC
V6.c9f27s38,DBLa0.21,4.80E-54,BC
M00123:210:000000000-BTDTV:1:1114:12029:18604,DBLa0.15,9.90E-51,BC
M00123:210:000000000-BTDTV:1:1111:26923:20695,DBLa0.23,3.20E-45,BC
M00123:210:000000000-BTDTV:1:1112:17599:15334,DBLa0.11,1.40E-56,BC
Col10.c6f32s52,DBLa0.9,1.20E-48,BC
Col17.c10f8s12,DBLa0.5,1.60E-52,BC
M00123:210:000000000-BTDTV:1:2111:24299:16424,DBLa1.7,1.60E-56,A
M00123:210:000000000-BTDTV:1:1109:24097:15738,DBLa0.9,7.50E-51,BC
M00123:210:000000000-BTDTV:1:2116:8524:7043,DBLa0.8,8.80E-50,BC
M00123:210:000000000-BTDTV:1:2103:3074:12220,DBLa0.20,4.40E-54,BC
M00123:211:000000000-BYH2N:1:2115:9951:2653,DBLa0.8,5.40E-51,BC
P14.c3f23s27,DBLa0.17,2.50E-53,BC
Gc46.c38f11s23,DBLa1.4,4.10E-51,A
M00123:210:000000000-BTDTV:1:1111:18697:14799,DBLa0.8,2.70E-51,BC
M00123:210:000000000-BTDTV:1:1114:21764:10391,DBLa1.2,2.00E-54,A
M00123:211:000000000-BYH2N:1:1102:14462:14120,DBLa0.1,4.60E-58,BC
Gc28.c33f16s31,DBLa0.4,7.90E-51,BC
Gc35.c33f16s26,DBLa0.5,5.00E-46,BC
P32.c20f11s13,DBLa1.7,2.80E-48,A
M00123:211:000000000-BYH2N:1:1105:24218:4507,DBLa0.5,6.70E-55,BC
G3st25.c15f70s93,DBLa0.5,1.30E-57,BC
Gc17.c57f6s8,DBLa0.5,1.20E-48,BC
M00123:210:000000000-BTDTV:1:1109:22848:11730,DBLa0.3,3.10E-47,BC
M00123:211:000000000-BYH2N:1:1114:19949:9214,DBLa0.1,3.50E-51,BC
Col22.c20f18s25,DBLa2,1.10E-47,BC
M00123:211:000000000-BYH2N:1:1104:2490:15609,DBLa1.1,1.60E-51,A
M00123:210:000000000-BTDTV:1:1102:4313:6976,DBLa0.5,1.70E-56,BC
M00123:210:000000000-BTDTV:1:2101:9732:14200,DBLa0.1,2.50E-54,BC
M00123:211:000000000-BYH2N:1:1103:23794:19283,DBLa1.8,5.40E-55,A
M00123:211:000000000-BYH2N:1:1118:10294:22534,DBLa0.4,9.50E-50,BC
M00123:210:000000000-BTDTV:1:1109:3858:9915,DBLa0.11,2.30E-56,BC
G3st26.c15f4s8,DBLa0.9,5.30E-51,BC
Gc19.c39f7s8,DBLa0.8,1.60E-48,BC
Col1.c32f47s55,DBLa2,1.20E-44,BC
Gc5.c4f36s46,DBLa0.1,3.00E-56,BC
Gc47.c43f9s15,DBLa0.12,2.70E-44,BC
M00123:211:000000000-BYH2N:1:1109:4149:11936,DBLa0.4,3.70E-48,BC
M00123:210:000000000-BTDTV:1:2112:11445:18746,DBLa0.22,3.50E-53,BC
M00123:211:000000000-BYH2N:1:1109:22312:5895,DBLa1.7,4.00E-46,A
M00123:210:000000000-BTDTV:1:1105:19159:11756,DBLa0.12,1.50E-52,BC
Gc19.c33f7s9,DBLa0.22,3.60E-46,BC
P6.c23f6s7,DBLa0.3,4.40E-50,BC
M00123:211:000000000-BYH2N:1:2114:17121:21035,DBLa1.4,1.40E-49,A
V11.c29f18s20,DBLa1.8,8.60E-50,A
Col7.c3f15s17,DBLa0.8,2.50E-49,BC
M00123:210:000000000-BTDTV:1:2104:18469:19422,DBLa1.1,1.40E-47,A
G3st32.c35f3s3,DBLa1.8,1.10E-38,A
M00123:210:000000000-BTDTV:1:1116:9692:12143,DBLa0.9,3.60E-51,BC
M00123:211:000000000-BYH2N:1:2110:12121:8853,DBLa0.11,1.40E-51,BC
Gc19.c9f9s20,DBLa0.3,2.30E-46,BC
Gc47.c26f69s99,DBLa0.5,3.00E-55,BC
M00123:210:000000000-BTDTV:1:2112:7672:13148,DBLa0.5,2.00E-52,BC
M00123:211:000000000-BYH2N:1:2114:4842:20397,DBLa0.9,9.90E-61,BC
M00123:210:000000000-BTDTV:1:2104:14447:12005,DBLa0.1,6.10E-48,BC
P55.c31f35s43,DBLa0.1,6.10E-52,BC
M00123:210:000000000-BTDTV:1:1112:23670:20344,DBLa0.8,3.00E-52,BC
M00123:210:000000000-BTDTV:1:1112:28403:14862,DBLa0.8,3.60E-54,BC
M00123:210:000000000-BTDTV:1:2116:12993:2934,DBLa0.15,1.50E-56,BC
G3st37.c30f8s11,DBLa1.8,1.40E-53,A
M00123:210:000000000-BTDTV:1:2101:17574:2522,DBLa0.9,3.40E-43,BC
V15.c21f23s28,DBLa0.8,4.70E-48,BC
Gc31.c9f7s8,DBLa0.1,4.30E-51,BC
M00123:211:000000000-BYH2N:1:2105:8197:13689,DBLa1.5,4.20E-54,A
V2.c29f3s4,DBLa0.13,2.00E-51,BC
M00123:210:000000000-BTDTV:1:1111:21280:13190,DBLa0.1,3.40E-44,BC
G3st26.c43f3s3,DBLa0.22,1.10E-59,BC
M00123:211:000000000-BYH2N:1:2115:8900:15244,DBLa0.11,5.50E-59,BC
G3st8.c25f11s19,DBLa1.8,2.70E-55,A
Gc27.c34f6s12,DBLa0.9,7.60E-49,BC
M00123:210:000000000-BTDTV:1:1101:24791:8632,DBLa0.1,9.90E-54,BC
Gc38.c82f4s5,DBLa0.5,1.70E-47,BC
V15.c12f27s38,DBLa0.5,4.80E-49,BC
Gc57.c23f15s15,DBLa0.1,1.00E-50,BC
V12.c32f21s29,DBLa1.5,4.10E-56,A
M00123:211:000000000-BYH2N:1:1114:11778:20615,DBLa0.20,2.50E-59,BC
Gc17.c12f15s22,DBLa0.7,3.80E-52,BC
M00123:210:000000000-BTDTV:1:2104:6392:16235,DBLa1.2,3.40E-50,A
V15.c23f20s26,DBLa0.6,3.00E-51,BC
Gc25.c9f12s22,DBLa0.8,4.60E-50,BC
M00123:211:000000000-BYH2N:1:1110:12718:17918,DBLa0.13,2.30E-52,BC
M00123:211:000000000-BYH2N:1:1108:14126:10616,DBLa0.10,8.60E-49,BC
G3st37.c25f11s14,DBLa0.24,2.50E-41,BC
Col30.c27f26s39,DBLa0.23,3.20E-43,BC
M00123:211:000000000-BYH2N:1:1109:13940:6021,DBLa0.8,2.40E-48,BC
M00123:210:000000000-BTDTV:1:2108:4260:11785,DBLa0.1,2.80E-43,BC
M00123:210:000000000-BTDTV:1:1113:15383:2132,DBLa0.24,6.30E-42,BC
M00123:210:000000000-BTDTV:1:1104:7090:9597,DBLa0.5,2.40E-50,BC
V14.c39f4s7,DBLa0.8,3.50E-51,BC
G3st14.c27f8s14,DBLa0.23,4.40E-46,BC
M00123:211:000000000-BYH2N:1:1101:10890:8741,DBLa0.1,3.20E-62,BC
M00123:210:000000000-BTDTV:1:1110:10744:11498,DBLa0.8,6.40E-40,BC
Gc8.c8f45s73,DBLa0.3,9.80E-47,BC
M00123:211:000000000-BYH2N:1:2105:22156:5575,DBLa1.5,5.10E-54,A
M00123:211:000000000-BYH2N:1:2112:13573:19170,DBLa1.1,3.10E-63,A
P55.c13f57s70,DBLa0.6,7.80E-49,BC
Gc50.c33f9s13,DBLa0.5,3.20E-50,BC
M00123:210:000000000-BTDTV:1:2116:14427:12383,DBLa0.2,2.70E-49,BC
M00123:211:000000000-BYH2N:1:1116:8600:19374,DBLa1.7,8.90E-55,A
V9.c15f13s21,DBLa0.10,1.30E-47,BC
V12.c19f54s61,DBLa1.8,5.10E-53,A
M00123:211:000000000-BYH2N:1:1117:21743:20037,DBLa0.7,7.00E-48,BC
M00123:211:000000000-BYH2N:1:1115:27244:19408,DBLa0.1,4.40E-55,BC
Col16.c32f3s3,DBLa0.1,1.20E-55,BC
Gc31.c17f4s6,DBLa0.9,1.20E-50,BC
Gc49.c30f12s17,DBLa0.3,4.90E-55,BC
M00123:211:000000000-BYH2N:1:2119:3599:14180,DBLa1.8,9.40E-55,A
M00123:210:000000000-BTDTV:1:2111:13370:7675,DBLa0.8,2.40E-46,BC
P32.c16f13s14,DBLa1.2,4.10E-47,A
M00123:211:000000000-BYH2N:1:2101:13455:15733,DBLa0.12,2.50E-57,BC
M00123:210:000000000-BTDTV:1:1115:18940:11308,DBLa1.8,1.80E-53,A
M00123:211:000000000-BYH2N:1:2110:23633:8463,DBLa2,8.80E-59,BC
M00123:210:000000000-BTDTV:1:1119:7296:8164,DBLa0.3,1.70E-40,BC
M00123:211:000000000-BYH2N:1:1107:21863:22406,DBLa0.1,1.60E-54,BC
M00123:211:000000000-BYH2N:1:2103:22056:12105,DBLa0.8,4.20E-51,BC
Gc49.c35f11s14,DBLa0.11,7.30E-59,BC
M00123:210:000000000-BTDTV:1:2116:15296:18268,DBLa0.2,4.00E-42,BC
Col17.c18f7s10,DBLa0.9,3.00E-49,BC
M00123:211:000000000-BYH2N:1:1112:21251:14588,DBLa0.8,4.00E-48,BC
P22.c29f20s28,DBLa0.11,1.00E-55,BC
M00123:210:000000000-BTDTV:1:2109:8193:15092,DBLa0.1,8.10E-53,BC
Gc39.c56f5s6,DBLa0.1,3.60E-55,BC
Gc42.c48f18s19,DBLa1.2,1.80E-49,A
P55.c29f33s44,DBLa0.9,1.90E-42,BC
G3st5.c4f163s207,DBLa0.23,3.00E-50,BC
V9.c30f3s4,DBLa0.10,8.40E-21,BC
Gc38.c35f24s35,DBLa0.17,1.30E-51,BC
M00123:210:000000000-BTDTV:1:1110:20870:8511,DBLa0.19,5.10E-42,BC
Col16.c28f3s5,DBLa0.18,9.40E-49,BC
M00123:211:000000000-BYH2N:1:1117:21340:9382,DBLa1.6,8.80E-43,A
M00123:210:000000000-BTDTV:1:2114:5291:18219,DBLa0.8,2.40E-48,BC
M00123:211:000000000-BYH2N:1:1111:18977:22970,DBLa0.1,1.80E-43,BC
G3st5.c32f53s63,DBLa0.24,2.50E-45,BC
Gc17.c59f6s7,DBLa0.7,4.80E-51,BC
P55.c3f143s168,DBLa0.5,5.60E-52,BC
M00123:211:000000000-BYH2N:1:1102:15148:2655,DBLa0.15,2.20E-53,BC
M00123:211:000000000-BYH2N:1:1110:12320:7460,DBLa1.4,3.10E-43,A
P46.c7f21s27,DBLa0.9,2.60E-52,BC
Col2.c29f13s14,DBLa0.22,4.40E-53,BC
Gc43.c41f10s15,DBLa0.10,2.10E-48,BC
M00123:211:000000000-BYH2N:1:2112:17769:8982,DBLa0.14,4.60E-53,BC
M00123:211:000000000-BYH2N:1:1103:11705:17315,DBLa0.6,2.80E-53,BC
G3st5.c18f79s102,DBLa0.19,1.10E-56,BC
Col9.c35f16s21,DBLa0.6,6.00E-52,BC
Col22.c23f17s24,DBLa0.1,2.20E-50,BC
Col16.c19f5s8,DBLa1.8,5.20E-55,A
Col1.c40f9s13,DBLa0.24,9.30E-45,BC
M00123:210:000000000-BTDTV:1:1114:4455:9858,DBLa0.4,1.20E-47,BC
M00123:211:000000000-BYH2N:1:2115:19807:19317,DBLa0.11,1.50E-59,BC
M00123:210:000000000-BTDTV:1:1110:24268:12409,DBLa0.10,4.00E-48,BC
M00123:210:000000000-BTDTV:1:1119:19026:18999,DBLa0.11,4.20E-59,BC
M00123:211:000000000-BYH2N:1:2116:10588:6831,DBLa0.8,2.10E-58,BC
V14.c3f12s24,DBLa0.24,8.00E-53,BC
M00123:210:000000000-BTDTV:1:1101:18748:17774,DBLa0.20,1.30E-51,BC
M00123:210:000000000-BTDTV:1:1107:8918:13502,DBLa1.8,1.40E-53,A
M00123:211:000000000-BYH2N:1:1106:23529:21544,DBLa0.2,7.20E-73,BC
G3st19.c44f19s21,DBLa0.5,8.80E-57,BC
M00123:210:000000000-BTDTV:1:1103:12720:7885,DBLa0.1,5.70E-54,BC
M00123:211:000000000-BYH2N:1:1106:18192:3387,DBLa0.1,7.90E-51,BC
Gc27.c68f4s5,DBLa0.8,1.70E-50,BC
M00123:211:000000000-BYH2N:1:1115:7218:10344,DBLa0.5,1.00E-54,BC
M00123:210:000000000-BTDTV:1:1113:12763:12572,DBLa1.6,2.20E-41,A
G3st31.c33f8s10,DBLa0.9,1.60E-48,BC
P14.c32f5s9,DBLa0.5,6.00E-53,BC
M00123:211:000000000-BYH2N:1:1105:22349:13137,DBLa0.8,1.50E-53,BC
Gc37.c44f11s19,DBLa0.1,5.10E-51,BC
M00123:210:000000000-BTDTV:1:1104:6749:23709,DBLa1.2,2.40E-50,A
M00123:211:000000000-BYH2N:1:1109:27054:9397,DBLa0.1,2.30E-47,BC
M00123:210:000000000-BTDTV:1:1115:5883:15811,DBLa0.1,1.50E-53,BC
M00123:211:000000000-BYH2N:1:1109:24945:11570,DBLa0.18,5.30E-49,BC
Col8.c24f8s13,DBLa0.8,5.40E-50,BC
M00123:211:000000000-BYH2N:1:2106:24635:8681,DBLa0.24,2.70E-57,BC
M00123:210:000000000-BTDTV:1:1112:19617:21483,DBLa0.3,1.80E-55,BC
M00123:210:000000000-BTDTV:1:2113:12929:15931,DBLa0.8,1.80E-42,BC
Gc38.c72f7s9,DBLa0.3,2.20E-45,BC
P9.c18f17s20,DBLa0.1,1.00E-55,BC
M00123:210:000000000-BTDTV:1:1104:19474:16922,DBLa0.5,5.10E-56,BC
M00123:210:000000000-BTDTV:1:1118:22217:22305,DBLa0.1,7.80E-54,BC
P24.c24f10s11,DBLa0.13,9.10E-54,BC
P57.c14f25s30,DBLa1.2,1.70E-52,A
M00123:210:000000000-BTDTV:1:2108:17395:7683,DBLa0.9,1.00E-46,BC
Gc21.c5f43s58,DBLa0.1,1.10E-55,BC
M00123:211:000000000-BYH2N:1:2116:9707:11017,DBLa0.8,4.60E-48,BC
P16.c10f36s47,DBLa0.24,2.10E-44,BC
M00123:211:000000000-BYH2N:1:1108:27569:16963,DBLa0.3,7.30E-52,BC
Gc43.c60f6s10,DBLa0.1,1.10E-55,BC
Col2.c38f4s8,DBLa0.1,2.70E-49,BC
M00123:210:000000000-BTDTV:1:1106:27055:19620,DBLa0.21,1.40E-54,BC
Gc45.c35f25s37,DBLa0.18,3.60E-44,BC
G3st32.c19f6s7,DBLa0.8,5.70E-48,BC
Col22.c35f3s3,DBLa0.22,7.10E-46,BC
Gc22.c22f10s15,DBLa0.12,5.20E-49,BC
V10.c7f43s60,DBLa0.5,3.00E-48,BC
P57.c7f31s41,DBLa0.9,9.00E-53,BC
Col5.c9f21s29,DBLa0.15,3.60E-52,BC
M00123:210:000000000-BTDTV:1:1117:20306:19692,DBLa0.15,3.10E-46,BC
M00123:211:000000000-BYH2N:1:1105:24494:18272,DBLa0.6,2.80E-47,BC
V6.c30f14s21,DBLa0.11,5.10E-52,BC
Gc23.c43f5s5,DBLa0.3,1.80E-42,BC
M00123:210:000000000-BTDTV:1:2108:19565:13839,DBLa0.17,3.00E-51,BC
Gc27.c47f6s8,DBLa0.9,1.80E-49,BC
M00123:210:000000000-BTDTV:1:2119:19726:11124,DBLa1.1,1.90E-47,A
M00123:210:000000000-BTDTV:1:1101:5116:5253,DBLa0.1,6.30E-53,BC
Gc45.c39f23s31,DBLa0.1,2.90E-55,BC
M00123:211:000000000-BYH2N:1:1107:14358:5621,DBLa0.20,8.10E-63,BC
M00123:210:000000000-BTDTV:1:2112:7695:13403,DBLa0.9,1.70E-51,BC
Gc57.c4f23s30,DBLa0.11,2.00E-52,BC
M00123:210:000000000-BTDTV:1:1119:16265:10517,DBLa0.19,4.80E-39,BC
M00123:210:000000000-BTDTV:1:2113:14220:12202,DBLa1.4,8.60E-51,A
G3st7.c0f52s75,DBLa0.8,1.10E-53,BC
M00123:211:000000000-BYH2N:1:2103:20963:20172,DBLa0.1,1.10E-56,BC
G3st5.c41f9s11,DBLa0.4,7.20E-58,BC
M00123:211:000000000-BYH2N:1:2110:2472:14754,DBLa1.8,1.50E-51,A
G3st34.c37f7s10,DBLa0.5,1.30E-53,BC
M00123:211:000000000-BYH2N:1:2109:9090:18618,DBLa0.8,5.10E-55,BC
G3st8.c44f4s11,DBLa0.1,9.80E-57,BC
M00123:210:000000000-BTDTV:1:1110:15631:4246,DBLa0.12,1.60E-49,BC
V6.c2f30s47,DBLa0.5,2.60E-53,BC
G3st19.c67f10s13,DBLa0.4,1.40E-51,BC
M00123:210:000000000-BTDTV:1:1106:3298:12694,DBLa0.12,2.60E-45,BC
M00123:210:000000000-BTDTV:1:1107:13294:4212,DBLa0.6,9.70E-52,BC
P45.c15f9s11,DBLa0.11,4.30E-55,BC
M00123:210:000000000-BTDTV:1:1108:22579:8127,DBLa1.1,1.90E-48,A
M00123:210:000000000-BTDTV:1:2119:12507:13612,DBLa0.4,2.50E-50,BC
Col1.c37f30s35,DBLa0.23,1.60E-44,BC
G3st19.c34f16s24,DBLa0.13,2.50E-55,BC
Gc43.c55f7s11,DBLa0.1,4.40E-54,BC
Gc17.c71f4s5,DBLa0.5,3.70E-57,BC
M00123:210:000000000-BTDTV:1:2103:21938:21501,DBLa0.9,1.40E-52,BC
M00123:211:000000000-BYH2N:1:2115:18089:23349,DBLa0.8,1.80E-56,BC
M00123:211:000000000-BYH2N:1:1106:14477:10698,DBLa0.6,4.50E-48,BC
V14.c40f4s5,DBLa0.8,1.60E-49,BC
M00123:210:000000000-BTDTV:1:1114:13816:12374,DBLa1.4,4.50E-48,A
V9.c31f3s3,DBLa1.2,5.70E-42,A
G3st2.c45f18s23,DBLa0.5,3.00E-53,BC
M00123:210:000000000-BTDTV:1:2119:6092:8285,DBLa0.24,1.50E-49,BC
M00123:210:000000000-BTDTV:1:1103:7939:5176,DBLa0.8,1.60E-50,BC
Col1.c4f101s135,DBLa0.8,2.40E-49,BC
M00123:210:000000000-BTDTV:1:1108:15390:21415,DBLa1.2,6.60E-50,A
V14.c1f24s28,DBLa0.7,3.10E-54,BC
M00123:210:000000000-BTDTV:1:2106:14578:6448,DBLa0.5,3.40E-48,BC
M00123:210:000000000-BTDTV:1:1115:12726:7845,DBLa0.19,4.30E-46,BC
M00123:211:000000000-BYH2N:1:1118:18783:12610,DBLa0.5,4.90E-49,BC
G3st6.c14f36s45,DBLa1.1,5.20E-50,A
M00123:211:000000000-BYH2N:1:1106:19657:14559,DBLa0.8,3.30E-54,BC
M00123:211:000000000-BYH2N:1:1110:24072:7836,DBLa0.11,2.40E-62,BC
M00123:211:000000000-BYH2N:1:2102:10957:7540,DBLa0.11,2.00E-61,BC